{"cameraMode":{"drawMode":0,"name":"Shaded","section":"Shading Mode"},"sceneLighting":true,"audioPlay":false,"sceneViewState":{"m_AlwaysRefresh":false,"showFog":true,"showSkybox":true,"showFlares":true,"showImageEffects":true,"showParticleSystems":true,"showVisualEffectGraphs":true,"m_FxEnabled":true},"in2DMode":false,"pivot":{"x":-3.238870143890381,"y":1.6554605960845948,"z":8.452964782714844},"rotation":{"x":0.06462009996175766,"y":-0.22184190154075623,"z":0.014694766141474247,"w":0.9729565382003784},"size":2.623976469039917,"orthographic":false}