{"cameraMode":{"drawMode":0,"name":"Shaded","section":"Shading Mode"},"sceneLighting":true,"audioPlay":false,"sceneViewState":{"m_AlwaysRefresh":false,"showFog":true,"showSkybox":true,"showFlares":true,"showImageEffects":true,"showParticleSystems":true,"showVisualEffectGraphs":true,"m_FxEnabled":true},"in2DMode":false,"pivot":{"x":-1.0287185907363892,"y":0.2392714023590088,"z":0.783647894859314},"rotation":{"x":0.4509647786617279,"y":0.040861379355192187,"z":-0.02071966975927353,"w":0.8915174007415772},"size":2.945887565612793,"orthographic":false}