{"cameraMode":{"drawMode":0,"name":"Shaded","section":"Shading Mode"},"sceneLighting":true,"audioPlay":false,"sceneViewState":{"m_AlwaysRefresh":false,"showFog":true,"showSkybox":true,"showFlares":true,"showImageEffects":true,"showParticleSystems":true,"showVisualEffectGraphs":true,"m_FxEnabled":true},"in2DMode":false,"pivot":{"x":-0.9585461616516113,"y":2.4800000190734865,"z":-0.09505081176757813},"rotation":{"x":-0.22960792481899262,"y":0.0969492718577385,"z":-0.023120298981666566,"w":-0.9684277772903442},"size":0.8660253882408142,"orthographic":false}