{"cameraMode":{"drawMode":0,"name":"Shaded","section":"Shading Mode"},"sceneLighting":true,"audioPlay":false,"sceneViewState":{"m_AlwaysRefresh":false,"showFog":true,"showSkybox":true,"showFlares":true,"showImageEffects":true,"showParticleSystems":true,"showVisualEffectGraphs":true,"m_FxEnabled":true},"in2DMode":false,"pivot":{"x":341.3490905761719,"y":193.2365264892578,"z":-50.967803955078128},"rotation":{"x":0.2883618474006653,"y":0.19657135009765626,"z":-0.06023973971605301,"w":0.9358812570571899},"size":219.12599182128907,"orthographic":false}