{"cameraMode":{"drawMode":0,"name":"Shaded","section":"Shading Mode"},"sceneLighting":false,"audioPlay":false,"sceneViewState":{"m_AlwaysRefresh":false,"showFog":true,"showSkybox":false,"showFlares":true,"showImageEffects":true,"showParticleSystems":true,"showVisualEffectGraphs":true,"m_FxEnabled":true},"in2DMode":false,"pivot":{"x":0.51336669921875,"y":21.973365783691408,"z":-1.0605049133300782},"rotation":{"x":0.011496473103761673,"y":-0.5275995135307312,"z":0.004815216641873121,"w":0.8499854207038879},"size":35.52429962158203,"orthographic":false}