{"cameraMode":{"drawMode":0,"name":"Shaded","section":"Shading Mode"},"sceneLighting":false,"audioPlay":false,"sceneViewState":{"m_AlwaysRefresh":false,"showFog":true,"showSkybox":false,"showFlares":true,"showImageEffects":true,"showParticleSystems":true,"showVisualEffectGraphs":true,"m_FxEnabled":true},"in2DMode":false,"pivot":{"x":396.36688232421877,"y":16.442174911499025,"z":400.3794250488281},"rotation":{"x":-0.07611580938100815,"y":0.6921011209487915,"z":-0.07040991634130478,"w":-0.7149260640144348},"size":0.5227400064468384,"orthographic":false}