{"cameraMode":{"drawMode":0,"name":"Shaded","section":"Shading Mode"},"sceneLighting":false,"audioPlay":false,"sceneViewState":{"m_AlwaysRefresh":false,"showFog":true,"showSkybox":false,"showFlares":true,"showImageEffects":true,"showParticleSystems":true,"showVisualEffectGraphs":true,"m_FxEnabled":true},"in2DMode":false,"pivot":{"x":-2.1749744415283205,"y":1.185483455657959,"z":-3.1422877311706545},"rotation":{"x":0.00028670221217907965,"y":-0.9987192749977112,"z":0.060295894742012027,"w":0.005598061718046665},"size":1.7228971719741822,"orthographic":false}