{"cameraMode":{"drawMode":0,"name":"Shaded","section":"Shading Mode"},"sceneLighting":false,"audioPlay":false,"sceneViewState":{"m_AlwaysRefresh":false,"showFog":true,"showSkybox":false,"showFlares":true,"showImageEffects":true,"showParticleSystems":true,"showVisualEffectGraphs":true,"m_FxEnabled":true},"in2DMode":false,"pivot":{"x":23.961362838745118,"y":12.276567459106446,"z":-36.25988006591797},"rotation":{"x":0.01985151320695877,"y":-0.45704472064971926,"z":0.007993115112185479,"w":0.889743983745575},"size":14.422637939453125,"orthographic":false}