{"cameraMode":{"drawMode":0,"name":"Shaded","section":"Shading Mode"},"sceneLighting":false,"audioPlay":false,"sceneViewState":{"m_AlwaysRefresh":false,"showFog":true,"showSkybox":false,"showFlares":true,"showImageEffects":true,"showParticleSystems":true,"showVisualEffectGraphs":true,"m_FxEnabled":true},"in2DMode":false,"pivot":{"x":395.25469970703127,"y":16.900917053222658,"z":400.15252685546877},"rotation":{"x":-0.11073797196149826,"y":0.8818894624710083,"z":-0.38720712065696719,"w":-0.24688240885734559},"size":0.6094233989715576,"orthographic":false}