{"cameraMode":{"drawMode":0,"name":"Shaded","section":"Shading Mode"},"sceneLighting":false,"audioPlay":false,"sceneViewState":{"m_AlwaysRefresh":false,"showFog":true,"showSkybox":false,"showFlares":true,"showImageEffects":true,"showParticleSystems":true,"showVisualEffectGraphs":true,"m_FxEnabled":true},"in2DMode":false,"pivot":{"x":0.010088324546813965,"y":0.18289066851139069,"z":0.020310640335083009},"rotation":{"x":-0.4479704201221466,"y":0.37035027146339419,"z":-0.2141794115304947,"w":-0.7856835722923279},"size":0.5341238379478455,"orthographic":false}