{"cameraMode":{"drawMode":0,"name":"Shaded","section":"Shading Mode"},"sceneLighting":false,"audioPlay":false,"sceneViewState":{"m_AlwaysRefresh":false,"showFog":true,"showSkybox":false,"showFlares":true,"showImageEffects":true,"showParticleSystems":true,"showVisualEffectGraphs":true,"m_FxEnabled":true},"in2DMode":false,"pivot":{"x":-0.0000019073486328125,"y":2.5574302673339845,"z":4.76837158203125e-7},"rotation":{"x":-0.13822904229164124,"y":0.6528502702713013,"z":-0.12567199766635896,"w":-0.7347731590270996},"size":6.842448711395264,"orthographic":false}