{"cameraMode":{"drawMode":0,"name":"Shaded","section":"Shading Mode"},"sceneLighting":false,"audioPlay":false,"sceneViewState":{"m_AlwaysRefresh":false,"showFog":true,"showSkybox":false,"showFlares":true,"showImageEffects":true,"showParticleSystems":true,"showVisualEffectGraphs":true,"m_FxEnabled":true},"in2DMode":false,"pivot":{"x":0.08928656578063965,"y":0.6335521936416626,"z":-0.0036286115646362306},"rotation":{"x":-0.4479704201221466,"y":0.37035027146339419,"z":-0.2141794115304947,"w":-0.7856835722923279},"size":1.1576058864593506,"orthographic":false}