{"cameraMode":{"drawMode":0,"name":"Shaded","section":"Shading Mode"},"sceneLighting":false,"audioPlay":false,"sceneViewState":{"m_AlwaysRefresh":false,"showFog":true,"showSkybox":false,"showFlares":true,"showImageEffects":true,"showParticleSystems":true,"showVisualEffectGraphs":true,"m_FxEnabled":true},"in2DMode":false,"pivot":{"x":0.345010370016098,"y":1.092664361000061,"z":-6.013401508331299},"rotation":{"x":0.000502165115904063,"y":-0.9984167814254761,"z":0.06478835642337799,"w":0.008592307567596436},"size":1.9783216714859009,"orthographic":false}