{"cameraMode":{"drawMode":0,"name":"Shaded","section":"Shading Mode"},"sceneLighting":false,"audioPlay":false,"sceneViewState":{"m_AlwaysRefresh":false,"showFog":true,"showSkybox":false,"showFlares":true,"showImageEffects":true,"showParticleSystems":true,"showVisualEffectGraphs":true,"m_FxEnabled":true},"in2DMode":false,"pivot":{"x":0.059883683919906619,"y":0.4810366630554199,"z":-0.058367371559143069},"rotation":{"x":-0.4479704201221466,"y":0.37035027146339419,"z":-0.2141794115304947,"w":-0.7856835722923279},"size":0.11919886618852616,"orthographic":false}