{"cameraMode":{"drawMode":0,"name":"Shaded","section":"Shading Mode"},"sceneLighting":false,"audioPlay":false,"sceneViewState":{"m_AlwaysRefresh":false,"showFog":true,"showSkybox":false,"showFlares":true,"showImageEffects":true,"showParticleSystems":true,"showVisualEffectGraphs":true,"m_FxEnabled":true},"in2DMode":false,"pivot":{"x":-10.15999984741211,"y":3.247795581817627,"z":1.4399986267089844},"rotation":{"x":-0.25092455744743349,"y":-0.021809762343764306,"z":0.012347599491477013,"w":-0.9678273797035217},"size":5.420093059539795,"orthographic":false}