{"cameraMode":{"drawMode":0,"name":"Shaded","section":"Shading Mode"},"sceneLighting":false,"audioPlay":false,"sceneViewState":{"m_AlwaysRefresh":false,"showFog":true,"showSkybox":false,"showFlares":true,"showImageEffects":true,"showParticleSystems":true,"showVisualEffectGraphs":true,"m_FxEnabled":true},"in2DMode":false,"pivot":{"x":0.02392721176147461,"y":1.1406135559082032,"z":-0.18242907524108888},"rotation":{"x":-0.4479704201221466,"y":0.37035027146339419,"z":-0.2141794115304947,"w":-0.7856835722923279},"size":2.5465517044067385,"orthographic":false}