{"cameraMode":{"drawMode":0,"name":"Shaded","section":"Shading Mode"},"sceneLighting":false,"audioPlay":false,"sceneViewState":{"m_AlwaysRefresh":false,"showFog":true,"showSkybox":false,"showFlares":true,"showImageEffects":true,"showParticleSystems":true,"showVisualEffectGraphs":true,"m_FxEnabled":true},"in2DMode":false,"pivot":{"x":26.888723373413087,"y":10.070574760437012,"z":-39.370086669921878},"rotation":{"x":0.011496473103761673,"y":-0.5275995135307312,"z":0.004815216641873121,"w":0.8499854207038879},"size":12.093568801879883,"orthographic":false}