{"cameraMode":{"drawMode":0,"name":"Shaded","section":"Shading Mode"},"sceneLighting":false,"audioPlay":false,"sceneViewState":{"m_AlwaysRefresh":false,"showFog":false,"showSkybox":false,"showFlares":false,"showImageEffects":false,"showParticleSystems":false,"showVisualEffectGraphs":true,"m_FxEnabled":true},"in2DMode":false,"pivot":{"x":-23.095130920410158,"y":79.36969757080078,"z":-5.0549774169921879},"rotation":{"x":0.10481542348861695,"y":0.03739608824253082,"z":-0.010645349510014058,"w":0.9937748908996582},"size":120.96847534179688,"orthographic":false}